5,297.7,7,491,534,,,,,,,,,,,,,,,,6,762,433
6,308.8,8,491,535,,,,,,,,,,,,,,,,7,762,433
7,323.9,8,491,534,,,,,,,,,,,,,,,,7,762,433
8,336,8,491,534,,,,,,,,,,,,,,,,7,762,433
9,346.4,8,491,535,,,,,,,,,,,,,,,,7,762,433
10,361.9,8,491,535,,,,,,,,,,,,,,,,7,762,433
11,378.3,8,491,534,,,,,,,,,,,,,,,,7,762,433
12,413.9,8,491,534,,,,,,,,,,,,,,,,7,762,433
13,445.8,8,491,534,,,,,,,,,,,,,,,,7,762,433
14,478,8,491,534,,,,,,,,,,,,,,,,7,762,433
15,513.9,8,491,534,,,,,,,,,,,,,,,,6,762,433
16,545.9,8,491,534,,,,,,,,,,,,,,,,7,762,433
17,578.8,8,491,534,,,,,,,,,,,,,,,,7,762,433
18,617,8,491,534,,,,,,,,,,,,,,,,7,762,433
19,646.6,8,491,534,,,,,,,,,,,,,,,,7,762,433
20,679,8,491,535,,,,,,,,,,,,,,,,7,762,433
21,716.1,8,491,534,,,,,,,,,,,,,,,,7,762,433
22,746.6,8,491,534,,,,,,,,,,,,,,,,7,762,433
23,778.3,8,491,535,,,,,,,,,,,,,,,,7,762,433
24,814.2,8,491,534,,,,,,,,,,,,,,,,7,762,433
25,846,8,491,535,,,,,,,,,,,,,,,,7,762,433
26,878.5,8,491,535,,,,,,,,,,,,,,,,7,762,433
27,913.6,8,491,534,,,,,,,,,,,,,,,,7,763,433
28,945.9,8,491,534,,,,,,,,,,,,,,,,7,763,433
29,978,8,491,534,,,,,,,,,,,,,,,,7,762,433
30,1014.1,8,491,535,,,,,,,,,,,,,,,,7,762,433
31,1046.1,8,490,534,,,,,,,,,,,,,,,,7,762,433
32,1078,8,491,534,,,,,,,,,,,,,,,,7,762,433
33,1113.9,8,491,534,,,,,,,,,,,,,,,,7,763,433
34,1148.8,8,491,534,,,,,,,,,,,,,,,,7,762,433
35,1178.6,8,491,534,,,,,,,,,,,,,,,,7,762,433
36,1213.7,8,490,534,,,,,,,,,,,,,,,,7,762,433
37,1246.1,8,491,534,,,,,,,,,,,,,,,,7,762,433
38,1277.9,8,491,534,,,,,,,,,,,,,,,,7,762,433
39,1313.5,8,491,534,,,,,,,,,,,,,,,,7,762,433
40,1346,8,491,534,,,,,,,,,,,,,,,,7,762,433
41,1378.2,8,491,534,,,,,,,,,,,,,,,,7,762,433
42,1416.8,8,491,534,,,,,,,,,,,,,,,,7,762,433
43,1446.2,8,491,534,,,,,,,,,,,,,,,,7,762,433
44,1478.5,8,491,534,,,,,,,,,,,,,,,,7,762,433
45,1513.9,8,491,535,,,,,,,,,,,,,,,,7,763,433
46,1546.6,8,491,534,,,,,,,,,,,,,,,,7,762,433
47,1578.3,8,491,534,,,,,,,,,,,,,,,,7,763,433
48,1613.9,8,491,534,,,,,,,,,,,,,,,,7,762,433
49,1646.3,8,491,534,,,,,,,,,,,,,,,,7,762,433
50,1678.4,8,491,534,,,,,,,,,,,,,,,,7,762,433
51,1713.7,8,491,535,,,,,,,,,,,,,,,,7,763,433
52,1746.9,8,491,535,,,,,,,,,,,,,,,,7,762,433
53,1777.9,8,491,534,,,,,,,,,,,,,,,,7,763,433
54,1814.6,8,491,534,,,,,,,,,,,,,,,,7,762,433
55,1845.8,8,491,535,,,,,,,,,,,,,,,,7,762,433
56,1878.3,8,491,534,,,,,,,,,,,,,,,,6,763,433
57,1913.9,8,491,534,,,,,,,,,,,,,,,,7,762,433
58,1945.8,8,491,534,,,,,,,,,,,,,,,,7,763,433
59,1978.1,8,491,534,,,,,,,,,,,,,,,,7,762,433
60,2014.5,8,491,534,,,,,,,,,,,,,,,,7,762,433
61,2046.3,8,491,534,,,,,,,,,,,,,,,,7,762,433
62,2078.1,8,491,534,,,,,,,,,,,,,,,,7,762,433
63,2113.9,8,491,534,,,,,,,,,,,,,,,,7,762,433
64,2146.2,8,491,535,,,,,,,,,,,,,,,,7,762,433
65,2178,8,491,534,,,,,,,,,,,,,,,,7,762,433
66,2214.8,8,491,534,,,,,,,,,,,,,,,,7,763,433
67,2247.7,8,491,534,,,,,,,,,,,,,,,,7,762,433
68,2278.4,8,491,534,,,,,,,,,,,,,,,,7,762,433
69,2314.5,8,491,535,,,,,,,,,,,,,,,,7,762,433
70,2347.3,8,491,534,,,,,,,,,,,,,,,,7,762,433
71,2378.5,8,491,534,,,,,,,,,,,,,,,,7,763,433
72,2414.2,8,491,534,,,,,,,,,,,,,,,,7,762,433
73,2445.8,8,491,535,,,,,,,,,,,,,,,,7,762,433
74,2478.5,8,491,534,,,,,,,,,,,,,,,,7,762,433
75,2514,8,491,535,,,,,,,,,,,,,,,,7,762,433
76,2545.8,8,491,534,,,,,,,,,,,,,,,,7,762,433
77,2580.8,8,491,534,,,,,,,,,,,,,,,,7,762,433
78,2614,8,491,534,,,,,,,,,,,,,,,,7,762,433
79,2646.1,8,491,535,,,,,,,,,,,,,,,,7,763,433
80,2678.6,8,491,534,,,,,,,,,,,,,,,,7,762,433
81,2713.8,8,491,534,,,,,,,,,,,,,,,,7,762,433
82,2746.2,8,491,535,,,,,,,,,,,,,,,,7,762,433
83,2778.2,8,491,535,,,,,,,,,,,,,,,,7,762,433
84,2813.8,8,491,534,,,,,,,,,,,,,,,,7,762,433
85,2846.2,8,491,534,,,,,,,,,,,,,,,,7,762,433
86,2878.1,8,491,534,,,,,,,,,,,,,,,,7,762,433
87,2913.9,8,491,534,,,,,,,,,,,,,,,,7,762,433
88,2945.8,8,491,534,,,,,,,,,,,,,,,,7,763,433
89,2978.1,8,492,535,,,,,,,,,,,,,,,,7,762,433
90,3014,8,491,534,,,,,,,,,,,,,,,,7,762,433
91,3045.9,8,491,534,,,,,,,,,,,,,,,,7,762,433
92,3078.2,8,491,535,,,,,,,,,,,,,,,,7,762,433
93,3114.1,8,491,534,,,,,,,,,,,,,,,,7,762,433
94,3146.7,8,491,535,,,,,,,,,,,,,,,,7,762,433
95,3178.3,8,490,534,,,,,,,,,,,,,,,,7,763,433
96,3216.7,8,491,534,,,,,,,,,,,,,,,,7,762,433
97,3248.7,8,491,535,,,,,,,,,,,,,,,,7,762,433
98,3278,8,491,534,,,,,,,,,,,,,,,,7,762,433
99,3314.2,8,491,535,,,,,,,,,,,,,,,,7,762,433
100,3346.3,8,491,534,,,,,,,,,,,,,,,,7,762,433
101,3377.9,8,491,534,,,,,,,,,,,,,,,,7,762,433
102,3414.2,8,491,535,,,,,,,,,,,,,,,,7,762,433
103,3446,8,491,535,,,,,,,,,,,,,,,,7,763,433
104,3478,8,491,534,,,,,,,,,,,,,,,,7,762,433
105,3513.9,8,491,534,,,,,,,,,,,,,,,,7,762,433
106,3545.7,8,491,535,,,,,,,,,,,,,,,,7,762,433
107,3579.2,8,491,534,,,,,,,,,,,,,,,,7,762,433
108,3616.8,8,491,534,,,,,,,,,,,,,,,,7,762,433
109,3645.8,8,491,535,,,,,,,,,,,,,,,,7,762,433
110,3678.1,8,491,535,,,,,,,,,,,,,,,,7,763,433
111,3716.1,8,491,535,,,,,,,,,,,,,,,,7,763,433
112,3747.1,8,491,534,,,,,,,,,,,,,,,,7,763,433
113,3780.8,8,491,534,,,,,,,,,,,,,,,,7,762,433
114,3816.8,8,491,535,,,,,,,,,,,,,,,,7,762,433
115,3846,8,491,534,,,,,,,,,,,,,,,,7,762,433
116,3877.9,8,491,534,,,,,,,,,,,,,,,,7,762,433
117,3913.7,8,491,535,,,,,,,,,,,,,,,,7,762,433
118,3946.8,8,491,534,,,,,,,,,,,,,,,,7,762,433
119,3980.8,8,491,534,,,,,,,,,,,,,,,,7,762,433
120,4013.8,8,491,534,,,,,,,,,,,,,,,,7,762,433
121,4052.8,8,491,534,,,,,,,,,,,,,,,,7,763,433
122,4078,8,491,534,,,,,,,,,,,,,,,,7,762,433
123,4114,8,491,534,,,,,,,,,,,,,,,,7,762,433
124,4148.8,8,491,535,,,,,,,,,,,,,,,,7,762,433
125,4177.8,8,491,533,,,,,,,,,,,,,,,,7,762,433
126,4213.9,8,490,534,,,,,,,,,,,,,,,,7,762,433
127,4246.2,8,491,535,,,,,,,,,,,,,,,,7,762,433
128,4278.3,8,491,534,,,,,,,,,,,,,,,,7,762,433
129,4313.7,8,491,534,,,,,,,,,,,,,,,,7,762,433
130,4345.9,8,491,534,,,,,,,,,,,,,,,,7,762,433
131,4378.5,8,491,535,,,,,,,,,,,,,,,,7,762,433
132,4414.1,8,491,534,,,,,,,,,,,,,,,,7,763,433
133,4447,8,491,534,,,,,,,,,,,,,,,,7,763,433
134,4478,8,491,534,,,,,,,,,,,,,,,,7,762,433
135,4516.2,8,490,534,,,,,,,,,,,,,,,,7,762,433
136,4546.5,8,491,535,,,,,,,,,,,,,,,,7,762,433
137,4577.9,8,491,535,,,,,,,,,,,,,,,,7,762,433
138,4614.5,8,491,534,,,,,,,,,,,,,,,,7,762,433
139,4647.5,8,491,535,,,,,,,,,,,,,,,,7,762,433
140,4679,9,491,534,,,,,,,,,,,,,,,,7,763,433
141,4713.7,8,491,534,,,,,,,,,,,,,,,,7,762,433
142,4746.5,8,491,534,,,,,,,,,,,,,,,,7,762,433
143,4777.9,8,491,534,,,,,,,,,,,,,,,,7,762,433
144,4813.7,8,491,535,,,,,,,,,,,,,,,,7,763,433
145,4848.8,8,491,534,,,,,,,,,,,,,,,,7,762,433
146,4878.4,8,491,534,,,,,,,,,,,,,,,,7,762,433
147,4913.9,8,491,534,,,,,,,,,,,,,,,,7,762,433
148,4951.3,8,491,535,,,,,,,,,,,,,,,,7,762,433
149,4978,8,491,535,,,,,,,,,,,,,,,,7,763,433
150,5013.6,8,491,534,,,,,,,,,,,,,,,,7,762,433
151,5046.4,8,491,534,,,,,,,,,,,,,,,,7,762,433
152,5079,8,492,535,,,,,,,,,,,,,,,,7,762,433
153,5114.1,8,491,535,,,,,,,,,,,,,,,,7,763,433
154,5146.3,8,491,534,,,,,,,,,,,,,,,,7,762,433
155,5180.8,8,491,534,,,,,,,,,,,,,,,,7,762,433
156,5214.9,8,491,535,,,,,,,,,,,,,,,,7,762,433
157,5246.5,8,491,534,,,,,,,,,,,,,,,,7,762,433
158,5280.8,8,491,534,,,,,,,,,,,,,,,,7,763,433
159,5314.7,8,491,535,,,,,,,,,,,,,,,,7,762,433
160,5346.1,8,491,534,,,,,,,,,,,,,,,,7,763,433
161,5378.1,8,491,534,,,,,,,,,,,,,,,,7,762,433
162,5414.5,8,491,534,,,,,,,,,,,,,,,,7,763,433
163,5446.3,8,491,535,,,,,,,,,,,,,,,,7,762,433
164,5478.6,8,491,535,,,,,,,,,,,,,,,,7,762,433
165,5513.8,8,491,535,,,,,,,,,,,,,,,,7,762,433
166,5545.9,8,491,534,,,,,,,,,,,,,,,,7,762,433
167,5578.8,8,491,534,,,,,,,,,,,,,,,,7,762,433
168,5614.6,8,491,535,,,,,,,,,,,,,,,,7,762,433
169,5646.5,8,491,534,,,,,,,,,,,,,,,,7,763,433
170,5680.8,8,491,534,,,,,,,,,,,,,,,,7,763,433
171,5713.7,8,491,534,,,,,,,,,,,,,,,,7,762,433
172,5746,8,491,534,,,,,,,,,,,,,,,,7,763,433
173,5780.7,8,491,535,,,,,,,,,,,,,,,,7,762,433
174,5813.9,8,491,534,,,,,,,,,,,,,,,,7,762,433
175,5845.9,8,491,534,,,,,,,,,,,,,,,,7,762,433
176,5877.9,8,491,534,,,,,,,,,,,,,,,,7,763,433
177,5913.9,8,491,534,,,,,,,,,,,,,,,,7,762,433
178,5945.6,8,490,534,,,,,,,,,,,,,,,,7,762,433
179,5978.2,8,491,535,,,,,,,,,,,,,,,,7,762,433
180,6014.9,8,491,534,,,,,,,,,,,,,,,,7,762,433
181,6046.4,8,491,534,,,,,,,,,,,,,,,,7,762,433
182,6078.3,8,491,534,,,,,,,,,,,,,,,,7,762,433
183,6114.3,8,491,534,,,,,,,,,,,,,,,,7,762,433
184,6148.8,8,491,534,,,,,,,,,,,,,,,,7,762,433
185,6177.8,8,491,534,,,,,,,,,,,,,,,,7,763,433
186,6214.1,8,491,534,,,,,,,,,,,,,,,,7,762,433
187,6246,8,491,535,,,,,,,,,,,,,,,,7,762,433
188,6278,8,491,534,,,,,,,,,,,,,,,,7,763,433
189,6315.3,8,491,534,,,,,,,,,,,,,,,,7,762,433
190,6349,8,491,534,,,,,,,,,,,,,,,,7,762,433
191,6378,7,491,535,,,,,,,,,,,,,,,,7,762,433
192,6414.6,8,491,534,,,,,,,,,,,,,,,,7,762,433
193,6446.8,8,491,534,,,,,,,,,,,,,,,,7,762,433
194,6478.5,8,490,534,,,,,,,,,,,,,,,,7,762,433
195,6513.8,8,489,535,,,,,,,,,,,,,,,,7,761,433
196,6546,8,489,535,,,,,,,,,,,,,,,,7,760,432
197,6578.2,8,488,534,,,,,,,,,,,,,,,,7,760,431
198,6614,8,488,534,,,,,,,,,,,,,,,,7,759,431
199,6646.5,8,488,534,,,,,,,,,,,,,,,,7,759,431
200,6678.1,8,487,534,,,,,,,,,,,,,,,,7,759,431
201,6715.3,8,487,533,,,,,,,,,,,,,,,,7,758,430
202,6748.7,8,486,533,,,,,,,,,,,,,,,,7,757,429
203,6778.1,8,485,532,,,,,,,,,,,,,,,,7,756,428
204,6813.8,9,484,532,,,,,,,,,,,,,,,,7,755,427
205,6845.9,8,484,532,,,,,,,,,,,,,,,,7,754,425
206,6878.1,8,484,531,,,,,,,,,,,,,,,,7,753,424
207,6913.9,8,483,531,,,,,,,,,,,,,,,,7,753,424
208,6946,8,483,531,,,,,,,,,,,,,,,,7,753,424
209,6977.7,8,483,531,,,,,,,,,,,,,,,,7,753,424
210,7014,8,483,531,,,,,,,,,,,,,,,,7,753,424
211,7046.1,8,483,531,,,,,,,,,,,,,,,,7,752,423
212,7078.1,8,483,529,,,,,,,,,,,,,,,,7,752,421
213,7114.1,8,482,529,,,,,,,,,,,,,,,,7,751,420
214,7150,8,481,527,,,,,,,,,,,,,,,,7,750,417
215,7178,8,481,526,,,,,,,,,,,,,,,,7,748,413
216,7213.9,8,479,523,,,,,,,,,,,,,,,,7,747,410
217,7245.9,8,478,521,,,,,,,,,,,,,,,,7,744,406
218,7285.1,8,477,520,,,,,,,,,,,,,,,,7,743,403
219,7314,8,476,518,,,,,,,,,,,,,,,,7,741,400
220,7345.9,8,475,515,,,,,,,,,,,,,,,,6,740,396
221,7378,8,475,515,,,,,,,,,,,,,,,,7,739,393
222,7414.1,8,474,512,,,,,,,,,,,,,,,,7,738,391
223,7445.8,8,474,511,,,,,,,,,,,,,,,,7,737,388
224,7480.5,8,474,510,,,,,,,,,,,,,,,,7,736,386
225,7513.8,8,473,508,,,,,,,,,,,,,,,,7,735,383
226,7548.8,8,473,506,,,,,,,,,,,,,,,,6,734,379
227,7578.2,8,472,503,,,,,,,,,,,,,,,,7,732,374
228,7614,8,472,501,,,,,,,,,,,,,,,,7,730,368
229,7650.3,8,471,497,,,,,,,,,,,,,,,,6,729,364
230,7684.8,8,471,495,,,,,,,,,,,,,,,,6,728,360
231,7714.3,8,470,492,,,,,,,,,,,,,,,,7,727,355
232,7746,8,471,489,,,,,,,,,,,,,,,,7,726,349
233,7778.5,8,471,486,,,,,,,,,,,,,,,,7,725,344
234,7813.8,8,470,483,,,,,,,,,,,,,,,,6,724,340
235,7846.1,8,471,482,,,,,,,,,,,,,,,,7,724,338
236,7877.9,8,470,480,,,,,,,,,,,,,,,,7,723,335
237,7913.9,9,472,479,,,,,,,,,,,,,,,,7,722,333
238,7948.2,8,471,477,,,,,,,,,,,,,,,,6,723,331
239,7980,8,472,475,,,,,,,,,,,,,,,,7,722,327
240,8014.1,8,472,472,,,,,,,,,,,,,,,,7,722,323
241,8046,8,473,470,,,,,,,,,,,,,,,,6,722,320
242,8083.3,9,474,467,,,,,,,,,,,,,,,,6,722,315
243,8113.7,8,473,465,,,,,,,,,,,,,,,,7,722,313
244,8146,9,474,464,,,,,,,,,,,,,,,,7,722,311
245,8178.6,8,474,463,,,,,,,,,,,,,,,,7,722,310
246,8214.6,8,475,461,,,,,,,,,,,,,,,,7,724,309
247,8247.1,8,477,461,,,,,,,,,,,,,,,,7,724,307
248,8279.1,9,476,461,,,,,,,,,,,,,,,,7,725,307
249,8314.1,9,478,459,,,,,,,,,,,,,,,,7,726,307
250,8345.8,8,480,459,,,,,,,,,,,,,,,,7,729,307
251,8377.8,8,481,458,,,,,,,,,,,,,,,,7,730,307
252,8414,8,482,456,,,,,,,,,,,,,,,,7,732,306
253,8453,8,484,455,,,,,,,,,,,,,,,,7,735,306
254,8478,8,485,454,,,,,,,,,,,,,,,,7,736,306
255,8514.2,8,486,453,,,,,,,,,,,,,,,,7,738,306
256,8546.5,9,487,452,,,,,,,,,,,,,,,,7,739,305
257,8580.8,8,487,450,,,,,,,,,,,,,,,,7,741,305
258,8615.8,8,488,448,,,,,,,,,,,,,,,,7,742,304
259,8646.6,8,488,447,,,,,,,,,,,,,,,,7,743,304
260,8679.4,9,487,445,,,,,,,,,,,,,,,,7,743,303
261,8714.8,8,487,444,,,,,,,,,,,,,,,,7,744,304
262,8746.9,9,487,443,,,,,,,,,,,,,,,,7,744,304
263,8778.7,8,486,441,,,,,,,,,,,,,,,,7,744,303
264,8814,8,486,439,,,,,,,,,,,,,,,,7,744,302
265,8845.9,8,485,437,,,,,,,,,,,,,,,,7,744,302
266,8878,8,485,435,,,,,,,,,,,,,,,,7,744,301
267,8916.8,8,484,432,,,,,,,,,,,,,,,,7,744,300
268,8946,9,484,431,,,,,,,,,,,,,,,,7,745,299
269,8978.1,8,482,429,,,,,,,,,,,,,,,,7,744,299
270,9013.8,9,480,428,,,,,,,,,,,,,,,,7,743,299
271,9046,8,479,428,,,,,,,,,,,,,,,,7,743,302
272,9078.3,8,477,429,,,,,,,,,,,,,,,,7,743,305
273,9114,8,476,430,,,,,,,,,,,,,,,,7,742,308
274,9145.8,9,475,431,,,,,,,,,,,,,,,,7,741,309
275,9178.1,9,473,431,,,,,,,,,,,,,,,,7,740,310
276,9214.1,8,472,432,,,,,,,,,,,,,,,,7,738,313
277,9246.4,8,469,433,,,,,,,,,,,,,,,,7,736,314
278,9278.1,8,467,433,,,,,,,,,,,,,,,,7,735,316
279,9314.2,9,464,434,,,,,,,,,,,,,,,,7,732,319
280,9346.6,8,461,435,,,,,,,,,,,,,,,,7,730,322
281,9378.2,8,459,436,,,,,,,,,,,,,,,,7,728,324
282,9414.1,8,456,437,,,,,,,,,,,,,,,,7,726,328
283,9446.8,8,453,441,,,,,,,,,,,,,,,,7,724,333
284,9478.4,8,451,445,,,,,,,,,,,,,,,,7,722,339
285,9514,8,450,448,,,,,,,,,,,,,,,,7,722,344
286,9546.1,8,449,453,,,,,,,,,,,,,,,,7,720,349
287,9578.1,9,447,458,,,,,,,,,,,,,,,,7,720,355
288,9614,8,446,463,,,,,,,,,,,,,,,,7,719,361
289,9646.1,9,445,468,,,,,,,,,,,,,,,,7,718,368
290,9682.4,8,444,474,,,,,,,,,,,,,,,,7,717,374
291,9715.9,8,444,481,,,,,,,,,,,,,,,,7,717,381
292,9746,8,443,486,,,,,,,,,,,,,,,,7,715,387
293,9784.8,9,441,493,,,,,,,,,,,,,,,,7,714,394
294,9814,8,441,500,,,,,,,,,,,,,,,,7,714,401
295,9846.3,8,441,507,,,,,,,,,,,,,,,,7,714,408
296,9878.2,8,441,513,,,,,,,,,,,,,,,,7,714,414
297,9914,8,441,520,,,,,,,,,,,,,,,,7,714,420
298,9946.1,8,442,527,,,,,,,,,,,,,,,,7,714,426
299,9978,8,443,534,,,,,,,,,,,,,,,,7,714,431
300,10014.3,8,443,540,,,,,,,,,,,,,,,,7,714,437
301,10046.1,8,444,547,,,,,,,,,,,,,,,,7,714,443
302,10077.9,8,444,553,,,,,,,,,,,,,,,,7,714,448
303,10114.1,8,444,559,,,,,,,,,,,,,,,,7,714,453
304,10146.3,8,444,565,,,,,,,,,,,,,,,,7,714,459
305,10178.6,8,445,570,,,,,,,,,,,,,,,,6,714,464
306,10214.1,8,446,575,,,,,,,,,,,,,,,,6,715,468
307,10246.4,8,446,580,,,,,,,,,,,,,,,,6,715,472
308,10280.8,8,448,585,,,,,,,,,,,,,,,,7,716,476
309,10314.1,8,448,589,,,,,,,,,,,,,,,,7,717,479
310,10346.2,8,449,591,,,,,,,,,,,,,,,,6,717,483
311,10378.2,8,449,594,,,,,,,,,,,,,,,,6,717,485
312,10413.8,8,450,596,,,,,,,,,,,,,,,,7,718,487
313,10445.9,8,450,598,,,,,,,,,,,,,,,,6,718,489
314,10478.3,8,450,600,,,,,,,,,,,,,,,,7,719,492
315,10513.9,8,450,601,,,,,,,,,,,,,,,,6,719,493
316,10546.4,8,450,603,,,,,,,,,,,,,,,,7,719,494
317,10577.9,8,450,603,,,,,,,,,,,,,,,,7,720,495
318,10617,8,450,604,,,,,,,,,,,,,,,,7,720,496
319,10645.8,8,450,605,,,,,,,,,,,,,,,,7,720,499
320,10678.2,7,450,606,,,,,,,,,,,,,,,,6,720,499
321,10714,8,450,607,,,,,,,,,,,,,,,,6,719,500
322,10746.7,8,450,607,,,,,,,,,,,,,,,,7,720,501
323,10778,8,450,608,,,,,,,,,,,,,,,,7,720,503
324,10814.2,8,450,608,,,,,,,,,,,,,,,,7,720,505
325,10848.8,8,451,609,,,,,,,,,,,,,,,,6,721,505
326,10879.9,8,450,610,,,,,,,,,,,,,,,,6,721,506
327,10913.9,8,451,610,,,,,,,,,,,,,,,,6,721,506
328,10946.6,8,451,611,,,,,,,,,,,,,,,,7,722,506
329,10978.5,8,451,611,,,,,,,,,,,,,,,,6,721,507
330,11014.4,8,451,612,,,,,,,,,,,,,,,,7,721,508
331,11046.1,8,451,614,,,,,,,,,,,,,,,,6,721,510
332,11078.1,8,451,615,,,,,,,,,,,,,,,,6,722,512
333,11114.1,8,450,616,,,,,,,,,,,,,,,,6,721,514
334,11146.1,8,450,618,,,,,,,,,,,,,,,,6,721,516
335,11177.8,7,450,619,,,,,,,,,,,,,,,,6,722,518
336,11213.9,8,450,621,,,,,,,,,,,,,,,,6,722,521
337,11246,8,449,623,,,,,,,,,,,,,,,,6,723,524
338,11277.9,8,449,624,,,,,,,,,,,,,,,,6,722,526
339,11314.5,8,449,627,,,,,,,,,,,,,,,,6,722,529
340,11348.7,8,448,629,,,,,,,,,,,,,,,,6,721,532
341,11380.8,9,448,631,,,,,,,,,,,,,,,,6,721,535
342,11414.4,8,447,633,,,,,,,,,,,,,,,,7,721,538
343,11446.2,8,445,635,,,,,,,,,,,,,,,,6,720,541
344,11478.2,8,445,637,,,,,,,,,,,,,,,,7,719,543
345,11520.7,8,445,638,,,,,,,,,,,,,,,,6,720,545
346,11548.8,8,445,640,,,,,,,,,,,,,,,,6,720,547
347,11579.2,8,444,642,,,,,,,,,,,,,,,,7,720,550
348,11613.9,8,442,644,,,,,,,,,,,,,,,,7,719,553
349,11646.2,8,442,647,,,,,,,,,,,,,,,,6,718,558
350,11678.7,8,442,649,,,,,,,,,,,,,,,,7,718,562
351,11715.6,8,441,651,,,,,,,,,,,,,,,,6,718,564
352,11746.6,8,442,653,,,,,,,,,,,,,,,,6,719,567
353,11777.9,8,443,654,,,,,,,,,,,,,,,,6,719,569
354,11814.1,8,442,656,,,,,,,,,,,,,,,,7,720,573
355,11847,8,443,658,,,,,,,,,,,,,,,,6,720,577
356,11878.2,8,443,660,,,,,,,,,,,,,,,,6,721,579
357,11913.8,8,444,661,,,,,,,,,,,,,,,,6,722,580
358,11946.1,8,445,662,,,,,,,,,,,,,,,,6,724,582
359,11978.1,8,445,663,,,,,,,,,,,,,,,,6,725,585
360,12014.2,8,446,665,,,,,,,,,,,,,,,,6,726,588
361,12046,9,448,667,,,,,,,,,,,,,,,,6,727,590
362,12078.2,8,448,668,,,,,,,,,,,,,,,,6,728,592
363,12114.4,8,448,668,,,,,,,,,,,,,,,,7,729,593
364,12145.9,8,448,668,,,,,,,,,,,,,,,,6,729,595
365,12178,7,449,669,,,,,,,,,,,,,,,,6,729,595
366,12214,7,449,670,,,,,,,,,,,,,,,,6,730,597
367,12246,8,448,671,,,,,,,,,,,,,,,,6,730,598
368,12278.5,8,449,672,,,,,,,,,,,,,,,,6,730,600
369,12313.9,7,450,673,,,,,,,,,,,,,,,,7,731,601
370,12346.2,8,450,672,,,,,,,,,,,,,,,,6,732,601
371,12378.3,8,450,673,,,,,,,,,,,,,,,,6,732,602
372,12414.3,8,451,674,,,,,,,,,,,,,,,,6,732,603
373,12450.8,8,451,673,,,,,,,,,,,,,,,,6,732,602
374,12478.4,8,451,674,,,,,,,,,,,,,,,,6,732,602
375,12514,8,451,673,,,,,,,,,,,,,,,,6,732,602
376,12546.6,8,450,672,,,,,,,,,,,,,,,,6,732,603
377,12578.1,8,450,672,,,,,,,,,,,,,,,,6,731,602
378,12613.9,8,450,670,,,,,,,,,,,,,,,,6,732,602
379,12645.8,8,450,669,,,,,,,,,,,,,,,,6,732,602
380,12678.1,8,450,668,,,,,,,,,,,,,,,,6,732,601
381,12714.1,8,449,666,,,,,,,,,,,,,,,,6,732,600
382,12747,8,449,664,,,,,,,,,,,,,,,,6,732,599
383,12781.8,8,449,661,,,,,,,,,,,,,,,,6,732,597
384,12814.2,8,448,658,,,,,,,,,,,,,,,,6,731,597
385,12846,8,448,655,,,,,,,,,,,,,,,,6,732,595
386,12880.8,8,448,652,,,,,,,,,,,,,,,,7,732,594
387,12914,8,447,648,,,,,,,,,,,,,,,,7,732,592
388,12946.2,8,447,644,,,,,,,,,,,,,,,,6,731,590
389,12978,8,445,641,,,,,,,,,,,,,,,,6,731,588
390,13013.9,8,445,637,,,,,,,,,,,,,,,,6,731,587
391,13046.1,8,445,634,,,,,,,,,,,,,,,,6,731,585
392,13078,8,444,631,,,,,,,,,,,,,,,,6,730,584
393,13116.8,8,444,628,,,,,,,,,,,,,,,,6,730,583
394,13146.2,8,444,626,,,,,,,,,,,,,,,,6,729,582
395,13178.3,7,443,624,,,,,,,,,,,,,,,,6,730,580
396,13213.9,8,443,621,,,,,,,,,,,,,,,,6,730,579
397,13246.2,8,443,618,,,,,,,,,,,,,,,,6,729,578
398,13277.9,8,443,616,,,,,,,,,,,,,,,,6,729,577
399,13314,8,442,612,,,,,,,,,,,,,,,,6,729,575
400,13346.2,9,442,608,,,,,,,,,,,,,,,,6,729,574
401,13378.1,8,441,605,,,,,,,,,,,,,,,,6,729,571
402,13414.3,8,441,600,,,,,,,,,,,,,,,,6,728,569
403,13446.6,8,441,595,,,,,,,,,,,,,,,,6,729,566
404,13478.3,8,440,590,,,,,,,,,,,,,,,,6,729,564
405,13514.4,8,439,585,,,,,,,,,,,,,,,,7,728,561
406,13546.8,8,439,580,,,,,,,,,,,,,,,,6,729,559
407,13582,8,440,581,,,,,,,,,,,,,,,,6,729,559
408,13614.8,8,439,580,,,,,,,,,,,,,,,,6,728,559
409,13646.3,8,439,581,,,,,,,,,,,,,,,,6,728,559
410,13680.6,8,439,581,,,,,,,,,,,,,,,,6,728,559
411,13715.7,8,440,581,,,,,,,,,,,,,,,,6,729,559
412,13746.5,8,439,581,,,,,,,,,,,,,,,,7,728,559
413,13777.8,8,440,580,,,,,,,,,,,,,,,,7,728,558
414,13813.8,8,440,578,,,,,,,,,,,,,,,,6,729,557
415,13846,8,440,575,,,,,,,,,,,,,,,,6,730,555
416,13877.9,8,442,573,,,,,,,,,,,,,,,,6,730,553
417,13914.3,8,442,570,,,,,,,,,,,,,,,,7,731,550
418,13946.1,8,442,567,,,,,,,,,,,,,,,,7,731,549
419,13983.1,8,443,565,,,,,,,,,,,,,,,,6,732,547
420,14017.8,8,443,562,,,,,,,,,,,,,,,,7,732,546
421,14046.7,8,443,559,,,,,,,,,,,,,,,,7,731,544
422,14080.7,8,443,556,,,,,,,,,,,,,,,,7,732,543
423,14114.9,8,443,553,,,,,,,,,,,,,,,,7,732,541
424,14146.9,8,443,550,,,,,,,,,,,,,,,,7,732,539
425,14181.7,8,443,547,,,,,,,,,,,,,,,,7,732,538
426,14214.2,8,443,544,,,,,,,,,,,,,,,,6,733,536
427,14246.3,8,443,542,,,,,,,,,,,,,,,,6,732,535
428,14278,8,443,541,,,,,,,,,,,,,,,,6,732,535
429,14319.2,8,443,539,,,,,,,,,,,,,,,,6,732,534
430,14348.8,8,443,539,,,,,,,,,,,,,,,,6,733,534
431,14378.1,8,443,538,,,,,,,,,,,,,,,,6,732,534
432,14415.5,8,443,538,,,,,,,,,,,,,,,,7,732,533
433,14446,8,443,537,,,,,,,,,,,,,,,,7,732,532
434,14478,8,443,536,,,,,,,,,,,,,,,,7,733,532
435,14513.9,8,443,535,,,,,,,,,,,,,,,,7,733,532
436,14552.8,8,444,532,,,,,,,,,,,,,,,,7,734,530
437,14578,8,445,529,,,,,,,,,,,,,,,,6,734,529
438,14614,7,446,526,,,,,,,,,,,,,,,,7,735,526
439,14646,8,447,522,,,,,,,,,,,,,,,,6,736,525
440,14678.7,8,446,518,,,,,,,,,,,,,,,,6,737,522
441,14714,8,447,514,,,,,,,,,,,,,,,,7,738,520
442,14745.9,8,447,510,,,,,,,,,,,,,,,,6,738,517
443,14778,8,448,506,,,,,,,,,,,,,,,,6,738,515
444,14813.9,8,448,503,,,,,,,,,,,,,,,,7,737,514
445,14846.6,8,448,500,,,,,,,,,,,,,,,,7,738,513
446,14878.6,8,449,496,,,,,,,,,,,,,,,,7,738,511
447,14913.8,8,449,493,,,,,,,,,,,,,,,,6,738,509
448,14950.4,8,449,490,,,,,,,,,,,,,,,,7,738,507
449,14978.3,8,449,487,,,,,,,,,,,,,,,,7,738,506
450,15015.7,8,449,484,,,,,,,,,,,,,,,,7,738,505
451,15046.1,8,450,481,,,,,,,,,,,,,,,,7,738,503
452,15077.9,8,449,476,,,,,,,,,,,,,,,,6,738,500
453,15114,8,450,472,,,,,,,,,,,,,,,,7,738,498
454,15147,8,450,467,,,,,,,,,,,,,,,,7,738,496
455,15179.3,8,450,461,,,,,,,,,,,,,,,,7,738,492
456,15214.1,8,451,454,,,,,,,,,,,,,,,,7,739,490
457,15246.6,8,452,448,,,,,,,,,,,,,,,,7,739,486
458,15278,8,453,442,,,,,,,,,,,,,,,,6,739,483
459,15313.9,8,453,434,,,,,,,,,,,,,,,,7,740,479
460,15345.8,8,454,427,,,,,,,,,,,,,,,,6,740,475
461,15380.6,8,455,420,,,,,,,,,,,,,,,,7,741,472
462,15414.1,8,456,412,,,,,,,,,,,,,,,,6,741,468
463,15445.9,8,458,404,,,,,,,,,,,,,,,,6,741,463
464,15478.3,8,459,396,,,,,,,,,,,,,,,,7,743,460
465,15515.7,8,460,390,,,,,,,,,,,,,,,,7,743,457
466,15546.2,8,462,382,,,,,,,,,,,,,,,,7,744,453
467,15578.2,9,463,376,,,,,,,,,,,,,,,,7,744,449
468,15614,8,465,370,,,,,,,,,,,,,,,,7,744,445
469,15646.1,8,465,363,,,,,,,,,,,,,,,,7,745,442
470,15681,9,468,356,,,,,,,,,,,,,,,,7,746,439
471,15713.9,8,469,350,,,,,,,,,,,,,,,,7,747,435
472,15747.3,8,471,343,,,,,,,,,,,,,,,,7,748,432
473,15777.8,8,473,336,,,,,,,,,,,,,,,,7,749,428
474,15814.4,9,475,329,,,,,,,,,,,,,,,,7,750,424
475,15846.2,8,477,322,,,,,,,,,,,,,,,,7,750,421
476,15877.8,8,479,316,,,,,,,,,,,,,,,,6,751,418
477,15919.5,9,480,311,,,,,,,,,,,,,,,,7,752,415
478,15948.3,8,481,305,,,,,,,,,,,,,,,,7,753,412
479,15978,8,483,299,,,,,,,,,,,,,,,,7,753,409
480,16014.1,8,484,294,,,,,,,,,,,,,,,,7,754,406
481,16046.4,9,487,288,,,,,,,,,,,,,,,,7,755,403
482,16079,8,489,282,,,,,,,,,,,,,,,,7,756,400
483,16115,8,491,277,,,,,,,,,,,,,,,,7,757,398
484,16146.2,8,493,272,,,,,,,,,,,,,,,,7,757,395
485,16178,8,495,267,,,,,,,,,,,,,,,,7,758,392
486,16214.5,8,497,262,,,,,,,,,,,,,,,,7,759,390
487,16246.5,8,498,258,,,,,,,,,,,,,,,,7,760,388
488,16277.8,9,501,253,,,,,,,,,,,,,,,,7,761,386
489,16313.8,9,502,249,,,,,,,,,,,,,,,,7,761,383
490,16345.8,9,504,245,,,,,,,,,,,,,,,,7,763,381
491,16378.2,8,506,240,,,,,,,,,,,,,,,,6,764,379
492,16414.5,8,507,237,,,,,,,,,,,,,,,,7,764,377
493,16445.8,8,508,235,,,,,,,,,,,,,,,,7,765,376
494,16480.1,9,508,233,,,,,,,,,,,,,,,,7,765,374
495,16514.1,9,510,233,,,,,,,,,,,,,,,,7,766,374
496,16546.1,9,509,233,,,,,,,,,,,,,,,,7,766,373
497,16577.9,9,510,234,,,,,,,,,,,,,,,,7,767,373
498,16613.9,9,509,233,,,,,,,,,,,,,,,,7,767,372
499,16646.3,9,510,233,,,,,,,,,,,,,,,,7,767,372
500,16678,9,510,232,,,,,,,,,,,,,,,,7,767,371
501,16714.2,9,510,232,,,,,,,,,,,,,,,,7,768,370
502,16746.6,8,509,232,,,,,,,,,,,,,,,,7,768,370
503,16780.2,9,510,232,,,,,,,,,,,,,,,,7,768,370
504,16814.3,9,511,232,,,,,,,,,,,,,,,,7,769,369
505,16848.4,8,510,231,,,,,,,,,,,,,,,,7,769,369
506,16878,8,511,231,,,,,,,,,,,,,,,,7,770,368
507,16915.8,9,511,231,,,,,,,,,,,,,,,,7,770,367
508,16945.9,9,511,231,,,,,,,,,,,,,,,,7,771,367
509,16981.9,9,511,230,,,,,,,,,,,,,,,,7,770,366
510,17013.9,9,511,230,,,,,,,,,,,,,,,,7,770,366
511,17050.2,9,511,230,,,,,,,,,,,,,,,,7,771,365
512,17077.8,8,511,230,,,,,,,,,,,,,,,,7,771,365
513,17113.8,9,512,230,,,,,,,,,,,,,,,,7,771,365
514,17146.2,9,512,230,,,,,,,,,,,,,,,,7,772,365
515,17179.5,9,511,230,,,,,,,,,,,,,,,,7,772,364
516,17214.2,9,512,230,,,,,,,,,,,,,,,,7,772,364
517,17246.4,9,510,230,,,,,,,,,,,,,,,,7,772,364
518,17278.1,8,510,231,,,,,,,,,,,,,,,,7,772,364
519,17316.5,8,510,232,,,,,,,,,,,,,,,,7,772,364
520,17346.6,9,510,232,,,,,,,,,,,,,,,,7,772,364
521,17380.7,8,509,233,,,,,,,,,,,,,,,,7,772,364
522,17413.9,9,510,234,,,,,,,,,,,,,,,,7,772,364
523,17445.8,8,509,234,,,,,,,,,,,,,,,,7,772,364
524,17478.1,9,509,234,,,,,,,,,,,,,,,,7,772,363
525,17514.1,8,509,234,,,,,,,,,,,,,,,,7,772,363
526,17546.2,8,508,234,,,,,,,,,,,,,,,,7,772,363
527,17578.1,9,508,234,,,,,,,,,,,,,,,,7,771,362
528,17613.8,9,508,233,,,,,,,,,,,,,,,,7,772,362
529,17646.5,9,508,234,,,,,,,,,,,,,,,,7,771,361
530,17678.5,9,508,234,,,,,,,,,,,,,,,,7,771,361
531,17713.8,9,508,233,,,,,,,,,,,,,,,,7,772,360
532,17746.6,9,508,233,,,,,,,,,,,,,,,,7,772,360
533,17778.3,9,508,233,,,,,,,,,,,,,,,,7,771,359
534,17814.4,9,508,232,,,,,,,,,,,,,,,,7,772,359
535,17845.8,8,508,232,,,,,,,,,,,,,,,,7,772,358
536,17877.8,9,508,231,,,,,,,,,,,,,,,,7,772,357
537,17914,8,507,231,,,,,,,,,,,,,,,,7,772,357
538,17946.6,9,507,230,,,,,,,,,,,,,,,,7,772,356
539,17979.4,9,507,230,,,,,,,,,,,,,,,,7,772,355
540,18013.9,8,506,229,,,,,,,,,,,,,,,,7,771,354
541,18045.9,8,506,229,,,,,,,,,,,,,,,,7,771,353
542,18082.4,9,505,228,,,,,,,,,,,,,,,,7,771,352
543,18114,9,505,228,,,,,,,,,,,,,,,,7,770,351
544,18146,9,505,227,,,,,,,,,,,,,,,,7,770,349
545,18178.6,9,504,226,,,,,,,,,,,,,,,,7,770,347
546,18214.5,9,504,225,,,,,,,,,,,,,,,,7,769,346
547,18250,9,503,224,,,,,,,,,,,,,,,,7,770,344
548,18278.1,8,501,223,,,,,,,,,,,,,,,,7,769,342
549,18313.8,8,501,223,,,,,,,,,,,,,,,,7,769,340
550,18346.4,9,500,221,,,,,,,,,,,,,,,,7,768,339
551,18378.5,9,498,220,,,,,,,,,,,,,,,,7,768,336
552,18414.1,8,498,219,,,,,,,,,,,,,,,,7,767,334
553,18447,8,497,218,,,,,,,,,,,,,,,,7,767,333
554,18478.4,8,496,218,,,,,,,,,,,,,,,,7,766,330
555,18515,8,495,216,,,,,,,,,,,,,,,,7,765,328
556,18546.3,9,494,215,,,,,,,,,,,,,,,,7,765,326
557,18578.7,9,493,215,,,,,,,,,,,,,,,,7,765,325
558,18613.9,9,493,214,,,,,,,,,,,,,,,,7,765,323
559,18646.5,8,492,214,,,,,,,,,,,,,,,,7,764,322
560,18677.9,9,492,213,,,,,,,,,,,,,,,,7,764,321
561,18714.6,9,491,212,,,,,,,,,,,,,,,,7,764,320
562,18746.5,9,491,212,,,,,,,,,,,,,,,,7,764,319
563,18778,9,492,212,,,,,,,,,,,,,,,,7,763,318
564,18813.7,9,490,210,,,,,,,,,,,,,,,,7,764,317
565,18846.1,9,490,210,,,,,,,,,,,,,,,,7,763,316
566,18878.7,9,489,209,,,,,,,,,,,,,,,,7,763,315
567,18914,9,489,209,,,,,,,,,,,,,,,,7,763,314
568,18946.1,9,489,209,,,,,,,,,,,,,,,,7,763,313
569,18978,8,488,208,,,,,,,,,,,,,,,,7,763,312
570,19013.9,8,489,208,,,,,,,,,,,,,,,,7,763,311
571,19051.8,9,488,206,,,,,,,,,,,,,,,,7,762,309
572,19079.2,8,487,206,,,,,,,,,,,,,,,,7,762,308
573,19114,9,487,206,,,,,,,,,,,,,,,,7,762,307
574,19148.7,8,486,206,,,,,,,,,,,,,,,,7,762,307
575,19180.2,8,486,205,,,,,,,,,,,,,,,,7,762,306
576,19214,8,486,205,,,,,,,,,,,,,,,,7,762,306
577,19251.1,8,486,204,,,,,,,,,,,,,,,,7,762,305
578,19278.5,9,486,205,,,,,,,,,,,,,,,,7,762,305
579,19314.2,8,486,205,,,,,,,,,,,,,,,,7,762,305
580,19346.7,9,486,204,,,,,,,,,,,,,,,,7,762,303
581,19378,9,485,203,,,,,,,,,,,,,,,,7,762,303
582,19413.9,9,486,202,,,,,,,,,,,,,,,,7,762,302
583,19445.9,9,486,203,,,,,,,,,,,,,,,,7,762,301
584,19478.6,9,485,202,,,,,,,,,,,,,,,,7,762,299
585,19513.7,8,485,201,,,,,,,,,,,,,,,,7,762,299
586,19546,9,484,200,,,,,,,,,,,,,,,,7,762,298
587,19578.2,9,484,200,,,,,,,,,,,,,,,,7,762,298
588,19614.1,9,484,200,,,,,,,,,,,,,,,,7,761,297
589,19646.1,9,484,200,,,,,,,,,,,,,,,,7,761,296
590,19677.9,9,484,200,,,,,,,,,,,,,,,,7,761,295
591,19713.9,9,482,200,,,,,,,,,,,,,,,,7,761,294
592,19746.7,9,482,200,,,,,,,,,,,,,,,,8,760,293
593,19778.1,9,482,199,,,,,,,,,,,,,,,,7,761,293
594,19814.4,9,482,200,,,,,,,,,,,,,,,,7,761,293
595,19846.2,9,481,200,,,,,,,,,,,,,,,,7,760,292
596,19878.4,9,481,201,,,,,,,,,,,,,,,,7,760,292
597,19914,8,480,201,,,,,,,,,,,,,,,,7,760,292
598,19947.8,9,480,201,,,,,,,,,,,,,,,,7,760,292
599,19978,9,480,202,,,,,,,,,,,,,,,,7,760,291
600,20013.9,9,479,202,,,,,,,,,,,,,,,,7,760,292
601,20045.9,8,480,204,,,,,,,,,,,,,,,,7,760,292
602,20078.3,9,479,205,,,,,,,,,,,,,,,,7,759,292
603,20115.1,9,479,206,,,,,,,,,,,,,,,,7,759,292
604,20146.5,9,478,206,,,,,,,,,,,,,,,,7,759,293
605,20177.9,9,479,208,,,,,,,,,,,,,,,,7,759,293
606,20216.7,9,478,209,,,,,,,,,,,,,,,,7,759,294
607,20246,8,478,210,,,,,,,,,,,,,,,,7,758,294
608,20280.9,9,476,211,,,,,,,,,,,,,,,,7,759,295
609,20314.4,9,477,212,,,,,,,,,,,,,,,,7,759,295
610,20350.9,8,477,214,,,,,,,,,,,,,,,,7,758,296
611,20378.6,9,476,215,,,,,,,,,,,,,,,,7,758,297
612,20414.1,8,476,218,,,,,,,,,,,,,,,,7,758,298
613,20447.4,9,475,220,,,,,,,,,,,,,,,,7,758,299
614,20478.1,8,475,222,,,,,,,,,,,,,,,,7,757,300
615,20515.2,9,474,223,,,,,,,,,,,,,,,,7,756,301
616,20546.7,8,474,225,,,,,,,,,,,,,,,,7,757,301
617,20580.9,9,474,226,,,,,,,,,,,,,,,,7,757,303
618,20616.8,8,473,229,,,,,,,,,,,,,,,,7,756,303
619,20646.3,8,472,230,,,,,,,,,,,,,,,,7,756,304
620,20678.5,8,473,232,,,,,,,,,,,,,,,,7,756,304
621,20714.6,9,472,233,,,,,,,,,,,,,,,,8,756,306
622,20746.4,9,471,235,,,,,,,,,,,,,,,,7,756,307
623,20777.8,8,472,236,,,,,,,,,,,,,,,,7,756,308
624,20814.1,8,471,238,,,,,,,,,,,,,,,,7,756,308
625,20846,9,471,239,,,,,,,,,,,,,,,,7,755,308
626,20878,9,471,240,,,,,,,,,,,,,,,,8,755,310
627,20914.2,8,470,243,,,,,,,,,,,,,,,,7,755,310
628,20946.4,9,469,245,,,,,,,,,,,,,,,,7,755,312
629,20978.2,8,469,247,,,,,,,,,,,,,,,,7,755,313
630,21014.1,9,468,249,,,,,,,,,,,,,,,,7,755,314
631,21046.9,8,468,252,,,,,,,,,,,,,,,,7,754,316
632,21078.1,8,468,255,,,,,,,,,,,,,,,,7,754,316
633,21114.5,9,467,257,,,,,,,,,,,,,,,,7,754,318
634,21146.8,8,467,259,,,,,,,,,,,,,,,,7,754,318
635,21177.9,9,467,261,,,,,,,,,,,,,,,,7,753,319
636,21213.9,9,466,263,,,,,,,,,,,,,,,,7,753,320
637,21248.3,8,465,265,,,,,,,,,,,,,,,,7,752,321
638,21278.1,9,466,266,,,,,,,,,,,,,,,,7,753,322
639,21314,8,465,267,,,,,,,,,,,,,,,,7,753,323
640,21345.9,9,465,268,,,,,,,,,,,,,,,,7,753,323
641,21377.9,9,465,269,,,,,,,,,,,,,,,,7,753,323
642,21413.8,9,465,268,,,,,,,,,,,,,,,,7,753,323
643,21446.2,8,465,268,,,,,,,,,,,,,,,,7,753,323
644,21478.2,9,465,268,,,,,,,,,,,,,,,,7,753,323
645,21514.6,8,465,268,,,,,,,,,,,,,,,,7,753,323
646,21549.2,9,465,269,,,,,,,,,,,,,,,,7,753,323
647,21579.1,9,465,268,,,,,,,,,,,,,,,,7,753,323
648,21613.9,9,465,269,,,,,,,,,,,,,,,,7,753,323
649,21645.9,9,465,269,,,,,,,,,,,,,,,,7,752,323
650,21678.1,8,465,268,,,,,,,,,,,,,,,,7,753,323
651,21713.9,9,465,268,,,,,,,,,,,,,,,,7,753,323
652,21746.1,9,465,268,,,,,,,,,,,,,,,,7,753,323
653,21778,9,465,269,,,,,,,,,,,,,,,,7,753,323
654,21813.9,9,466,269,,,,,,,,,,,,,,,,7,753,323
655,21846.2,8,466,270,,,,,,,,,,,,,,,,7,753,324
656,21878,9,465,271,,,,,,,,,,,,,,,,7,753,324
657,21914.6,9,464,271,,,,,,,,,,,,,,,,7,752,325
658,21946.9,8,465,274,,,,,,,,,,,,,,,,7,752,326
659,21978,8,464,277,,,,,,,,,,,,,,,,7,752,327
660,22013.9,8,463,280,,,,,,,,,,,,,,,,7,752,329
661,22046.1,8,463,284,,,,,,,,,,,,,,,,7,751,331
662,22078.1,8,462,289,,,,,,,,,,,,,,,,7,751,333
663,22114.2,8,461,295,,,,,,,,,,,,,,,,7,750,336
664,22146.9,8,461,300,,,,,,,,,,,,,,,,7,750,339
665,22178.9,8,460,305,,,,,,,,,,,,,,,,7,750,341
666,22216.7,9,460,309,,,,,,,,,,,,,,,,7,750,343
667,22248.9,8,459,314,,,,,,,,,,,,,,,,7,750,346
668,22278.7,9,458,317,,,,,,,,,,,,,,,,7,749,347
669,22314.4,8,459,319,,,,,,,,,,,,,,,,7,749,348
670,22346.2,8,459,321,,,,,,,,,,,,,,,,7,749,349
671,22378.4,8,458,322,,,,,,,,,,,,,,,,7,749,349
672,22414.2,8,459,323,,,,,,,,,,,,,,,,7,749,350
673,22446.3,9,459,323,,,,,,,,,,,,,,,,7,749,350
674,22479.9,9,459,324,,,,,,,,,,,,,,,,7,749,351
675,22514,8,458,325,,,,,,,,,,,,,,,,7,749,351
676,22548.1,8,458,326,,,,,,,,,,,,,,,,7,749,352
677,22577.9,8,459,328,,,,,,,,,,,,,,,,7,749,352
678,22616.7,8,458,330,,,,,,,,,,,,,,,,8,749,354
679,22646.1,9,458,332,,,,,,,,,,,,,,,,7,749,355
680,22680.8,9,458,335,,,,,,,,,,,,,,,,7,749,356
681,22714.6,9,458,338,,,,,,,,,,,,,,,,7,749,358
682,22746.4,8,458,343,,,,,,,,,,,,,,,,7,748,360
683,22778.6,8,457,346,,,,,,,,,,,,,,,,7,749,362
684,22813.8,8,457,350,,,,,,,,,,,,,,,,7,748,364
685,22846.5,8,456,354,,,,,,,,,,,,,,,,7,748,366
686,22878.1,8,457,360,,,,,,,,,,,,,,,,7,747,368
687,22913.8,8,456,363,,,,,,,,,,,,,,,,7,748,370
688,22946,9,456,369,,,,,,,,,,,,,,,,7,748,373
689,22978.1,9,456,374,,,,,,,,,,,,,,,,7,748,375
690,23014.1,8,457,379,,,,,,,,,,,,,,,,7,748,377
691,23052.8,9,457,382,,,,,,,,,,,,,,,,7,748,380
692,23078.3,8,457,386,,,,,,,,,,,,,,,,7,748,381
693,23120.3,8,457,389,,,,,,,,,,,,,,,,7,748,383
694,23146.1,9,457,390,,,,,,,,,,,,,,,,7,748,383
695,23178.2,9,457,392,,,,,,,,,,,,,,,,7,748,384
696,23214.1,8,457,392,,,,,,,,,,,,,,,,7,747,384
697,23252.8,8,457,392,,,,,,,,,,,,,,,,6,748,384
698,23280.8,9,457,392,,,,,,,,,,,,,,,,7,748,385
699,23314.1,9,457,392,,,,,,,,,,,,,,,,7,748,384
700,23345.9,9,457,392,,,,,,,,,,,,,,,,7,748,385
701,23378.3,8,457,392,,,,,,,,,,,,,,,,7,748,384
702,23413.9,8,457,392,,,,,,,,,,,,,,,,7,748,384
703,23446.3,9,457,392,,,,,,,,,,,,,,,,6,747,384
704,23479.1,8,456,393,,,,,,,,,,,,,,,,7,748,384
705,23514.7,8,457,393,,,,,,,,,,,,,,,,7,748,385
706,23548.4,9,457,394,,,,,,,,,,,,,,,,7,748,385
707,23584.7,9,457,395,,,,,,,,,,,,,,,,7,747,386
708,23619.1,8,457,396,,,,,,,,,,,,,,,,7,748,387
709,23646.4,8,457,398,,,,,,,,,,,,,,,,7,748,387
710,23678.8,8,457,400,,,,,,,,,,,,,,,,7,747,388
711,23714,8,457,401,,,,,,,,,,,,,,,,7,748,388
712,23748.8,8,457,403,,,,,,,,,,,,,,,,7,748,389
713,23778.1,8,457,406,,,,,,,,,,,,,,,,7,748,391
714,23813.9,8,458,408,,,,,,,,,,,,,,,,7,748,392
715,23850.6,8,458,411,,,,,,,,,,,,,,,,7,749,394
716,23880,8,458,414,,,,,,,,,,,,,,,,7,748,395
717,23914.8,8,458,416,,,,,,,,,,,,,,,,7,748,396
718,23946.6,9,458,418,,,,,,,,,,,,,,,,7,748,397
719,23978.8,8,458,421,,,,,,,,,,,,,,,,7,749,398
720,24014.5,8,459,423,,,,,,,,,,,,,,,,7,748,399
721,24046.3,9,458,425,,,,,,,,,,,,,,,,7,748,400
722,24081.3,8,459,427,,,,,,,,,,,,,,,,7,749,402
723,24114.1,8,459,429,,,,,,,,,,,,,,,,7,749,403
724,24146.2,8,459,432,,,,,,,,,,,,,,,,7,749,405
725,24177.9,8,460,434,,,,,,,,,,,,,,,,7,750,406
726,24214,8,460,437,,,,,,,,,,,,,,,,7,750,406
727,24246.9,8,461,439,,,,,,,,,,,,,,,,7,749,407
728,24278.2,8,461,441,,,,,,,,,,,,,,,,7,750,409
729,24314.7,8,461,443,,,,,,,,,,,,,,,,7,749,410
730,24346.1,8,461,446,,,,,,,,,,,,,,,,7,749,411
731,24378.3,8,462,448,,,,,,,,,,,,,,,,7,750,412
732,24414,8,461,451,,,,,,,,,,,,,,,,7,749,414
733,24446.4,8,462,454,,,,,,,,,,,,,,,,7,750,415
734,24478.1,8,463,456,,,,,,,,,,,,,,,,7,750,416
735,24516.8,8,463,458,,,,,,,,,,,,,,,,7,750,417
736,24546.7,8,463,461,,,,,,,,,,,,,,,,7,751,418
737,24579,8,464,464,,,,,,,,,,,,,,,,7,751,419
738,24615,8,464,465,,,,,,,,,,,,,,,,7,751,421
739,24646.5,8,465,469,,,,,,,,,,,,,,,,7,751,422
740,24678.1,8,465,471,,,,,,,,,,,,,,,,7,751,423
741,24714.2,8,466,474,,,,,,,,,,,,,,,,7,752,425
742,24748.8,8,466,477,,,,,,,,,,,,,,,,6,752,427
743,24785.4,8,466,480,,,,,,,,,,,,,,,,7,752,428
744,24814.4,8,468,484,,,,,,,,,,,,,,,,7,753,430
745,24846.5,8,467,486,,,,,,,,,,,,,,,,7,753,431
746,24878.4,8,468,490,,,,,,,,,,,,,,,,7,753,433
747,24914.1,8,469,494,,,,,,,,,,,,,,,,7,753,435
748,24946.3,8,471,499,,,,,,,,,,,,,,,,7,754,437
749,24978.2,9,472,503,,,,,,,,,,,,,,,,7,754,439
750,25013.7,8,472,507,,,,,,,,,,,,,,,,7,755,441
751,25048.7,8,473,511,,,,,,,,,,,,,,,,7,755,443
752,25078.7,8,474,516,,,,,,,,,,,,,,,,7,756,445
753,25113.9,8,476,520,,,,,,,,,,,,,,,,7,756,448
754,25145.9,8,476,524,,,,,,,,,,,,,,,,7,757,450
755,25178.1,8,478,529,,,,,,,,,,,,,,,,7,757,452
756,25214.2,8,479,534,,,,,,,,,,,,,,,,7,758,454
757,25247.3,8,480,538,,,,,,,,,,,,,,,,7,758,457
758,25278.3,8,482,543,,,,,,,,,,,,,,,,7,759,459
759,25314.1,8,482,546,,,,,,,,,,,,,,,,7,759,460
760,25345.9,8,483,549,,,,,,,,,,,,,,,,7,760,462
761,25378.3,9,485,552,,,,,,,,,,,,,,,,7,760,464
762,25413.9,8,485,555,,,,,,,,,,,,,,,,7,761,466
763,25446.5,8,486,558,,,,,,,,,,,,,,,,7,762,467
764,25480.8,8,487,561,,,,,,,,,,,,,,,,7,762,469
765,25514.4,9,487,562,,,,,,,,,,,,,,,,7,762,469
766,25546.8,8,488,566,,,,,,,,,,,,,,,,7,762,470
767,25579,8,489,567,,,,,,,,,,,,,,,,7,762,472
768,25613.9,9,490,569,,,,,,,,,,,,,,,,7,763,472
769,25647.5,8,490,570,,,,,,,,,,,,,,,,7,763,472
770,25678.2,8,490,572,,,,,,,,,,,,,,,,7,763,474
771,25716.8,8,491,574,,,,,,,,,,,,,,,,6,763,475
772,25746.4,8,492,577,,,,,,,,,,,,,,,,7,764,476
773,25777.8,8,493,579,,,,,,,,,,,,,,,,7,765,477
774,25814.1,7,494,582,,,,,,,,,,,,,,,,6,765,479
775,25846.2,8,495,585,,,,,,,,,,,,,,,,7,765,481
776,25878.8,8,497,589,,,,,,,,,,,,,,,,7,766,482
777,25915.7,8,498,592,,,,,,,,,,,,,,,,7,767,484
778,25946.1,8,499,596,,,,,,,,,,,,,,,,7,767,485
779,25978.1,8,501,600,,,,,,,,,,,,,,,,7,768,488
780,26013.8,8,503,604,,,,,,,,,,,,,,,,7,769,489
781,26046.1,8,504,608,,,,,,,,,,,,,,,,7,770,491
782,26078.6,8,506,612,,,,,,,,,,,,,,,,7,771,494
783,26114.2,8,508,616,,,,,,,,,,,,,,,,6,771,496
784,26146.1,8,510,620,,,,,,,,,,,,,,,,7,772,498
785,26178,8,511,624,,,,,,,,,,,,,,,,7,773,499
786,26214,8,513,627,,,,,,,,,,,,,,,,7,773,501
787,26246,8,515,631,,,,,,,,,,,,,,,,7,774,502
788,26278,9,516,635,,,,,,,,,,,,,,,,6,775,505
789,26314.1,8,518,638,,,,,,,,,,,,,,,,6,776,507
790,26345.8,9,519,641,,,,,,,,,,,,,,,,6,777,508
791,26378.1,8,521,644,,,,,,,,,,,,,,,,7,778,509
792,26414,8,522,646,,,,,,,,,,,,,,,,6,778,511
793,26446,8,524,649,,,,,,,,,,,,,,,,7,779,512
794,26478.1,8,525,651,,,,,,,,,,,,,,,,7,780,513
795,26514.2,8,527,654,,,,,,,,,,,,,,,,7,780,514
796,26546.2,8,528,657,,,,,,,,,,,,,,,,7,781,516
797,26578,8,529,660,,,,,,,,,,,,,,,,6,781,517
798,26614.3,8,531,663,,,,,,,,,,,,,,,,7,783,519
799,26646.1,8,532,665,,,,,,,,,,,,,,,,7,783,520
800,26678.9,9,534,668,,,,,,,,,,,,,,,,7,784,521
801,26714.2,8,534,670,,,,,,,,,,,,,,,,6,785,523
802,26746,8,537,673,,,,,,,,,,,,,,,,7,786,524
803,26778,7,538,676,,,,,,,,,,,,,,,,7,786,526
804,26814.2,8,540,678,,,,,,,,,,,,,,,,7,786,526
805,26846.1,8,541,681,,,,,,,,,,,,,,,,6,787,528
806,26878,8,542,682,,,,,,,,,,,,,,,,6,788,529
807,26914.2,8,543,685,,,,,,,,,,,,,,,,7,788,530
808,26945.9,8,544,686,,,,,,,,,,,,,,,,7,789,530
809,26978.2,8,545,687,,,,,,,,,,,,,,,,6,790,532
810,27014,8,546,689,,,,,,,,,,,,,,,,6,790,532
811,27046,8,548,691,,,,,,,,,,,,,,,,7,791,533
812,27078.1,8,549,693,,,,,,,,,,,,,,,,7,791,533
813,27114.1,8,549,694,,,,,,,,,,,,,,,,7,792,535
814,27146.5,8,551,696,,,,,,,,,,,,,,,,7,792,536
815,27178.4,8,552,698,,,,,,,,,,,,,,,,7,792,537
816,27214.3,7,552,699,,,,,,,,,,,,,,,,6,793,538
817,27246.8,7,554,702,,,,,,,,,,,,,,,,7,793,538
818,27279.9,7,555,703,,,,,,,,,,,,,,,,6,795,538
819,27314.5,8,556,704,,,,,,,,,,,,,,,,7,795,539
820,27346.6,8,557,704,,,,,,,,,,,,,,,,7,795,539
821,27378,8,557,705,,,,,,,,,,,,,,,,7,795,540
822,27413.9,8,557,706,,,,,,,,,,,,,,,,6,796,541
823,27446.1,8,558,707,,,,,,,,,,,,,,,,6,796,541
824,27478.8,8,558,707,,,,,,,,,,,,,,,,6,796,541
825,27514.1,8,559,707,,,,,,,,,,,,,,,,6,796,541
826,27545.9,8,558,708,,,,,,,,,,,,,,,,6,796,541
827,27578.5,8,559,708,,,,,,,,,,,,,,,,6,796,541
828,27614.3,8,558,708,,,,,,,,,,,,,,,,7,796,541
829,27645.9,8,558,708,,,,,,,,,,,,,,,,6,796,541
830,27678.1,8,559,708,,,,,,,,,,,,,,,,7,796,541
831,27714.2,8,558,708,,,,,,,,,,,,,,,,7,796,541
832,27748.8,8,558,709,,,,,,,,,,,,,,,,7,796,541
833,27778.3,7,558,708,,,,,,,,,,,,,,,,6,796,541
834,27814.6,7,558,708,,,,,,,,,,,,,,,,6,796,541
835,27848.9,7,558,708,,,,,,,,,,,,,,,,7,796,541
836,27878.4,7,559,708,,,,,,,,,,,,,,,,6,796,541
837,27914.2,8,559,708,,,,,,,,,,,,,,,,6,796,541
838,27947.8,8,558,708,,,,,,,,,,,,,,,,6,796,541
839,27981.5,8,559,708,,,,,,,,,,,,,,,,6,796,541
840,28013.8,8,559,708,,,,,,,,,,,,,,,,6,796,542
841,28047.8,8,558,708,,,,,,,,,,,,,,,,7,796,541
842,28080.8,7,558,708,,,,,,,,,,,,,,,,7,796,541
843,28113.8,8,558,708,,,,,,,,,,,,,,,,7,796,541
844,28146.1,8,558,708,,,,,,,,,,,,,,,,6,796,541
845,28178.5,8,558,707,,,,,,,,,,,,,,,,6,796,541
846,28214.4,7,558,708,,,,,,,,,,,,,,,,7,796,541
847,28246,8,559,708,,,,,,,,,,,,,,,,6,796,541
848,28278.4,7,558,708,,,,,,,,,,,,,,,,6,796,541
849,28314.5,7,558,708,,,,,,,,,,,,,,,,7,796,542
850,28353.3,8,558,708,,,,,,,,,,,,,,,,7,796,541
851,28380.5,8,558,708,,,,,,,,,,,,,,,,7,796,541
852,28414.4,8,558,709,,,,,,,,,,,,,,,,7,796,541
853,28446.5,7,558,708,,,,,,,,,,,,,,,,6,796,541
854,28478.3,8,559,708,,,,,,,,,,,,,,,,6,796,541
855,28514.1,7,558,708,,,,,,,,,,,,,,,,6,796,541
856,28550.6,7,558,708,,,,,,,,,,,,,,,,6,796,541
857,28581.1,8,558,707,,,,,,,,,,,,,,,,6,796,541
858,28614.1,8,558,707,,,,,,,,,,,,,,,,6,796,541
859,28646.2,8,557,706,,,,,,,,,,,,,,,,7,795,541
860,28678.4,8,557,705,,,,,,,,,,,,,,,,7,795,540
861,28714.6,8,556,704,,,,,,,,,,,,,,,,7,795,539
862,28746.4,8,555,703,,,,,,,,,,,,,,,,7,795,539
863,28778.1,8,555,702,,,,,,,,,,,,,,,,7,794,538
864,28814.7,8,555,701,,,,,,,,,,,,,,,,7,794,538
865,28845.9,8,552,699,,,,,,,,,,,,,,,,6,794,538
866,28878.1,8,552,699,,,,,,,,,,,,,,,,7,793,537
867,28913.8,8,551,697,,,,,,,,,,,,,,,,6,792,536
868,28945.9,8,551,697,,,,,,,,,,,,,,,,6,792,536
869,28978,8,551,695,,,,,,,,,,,,,,,,7,792,535
870,29016.8,8,550,694,,,,,,,,,,,,,,,,7,792,535
871,29046.1,7,549,694,,,,,,,,,,,,,,,,7,792,534
872,29078.8,8,549,693,,,,,,,,,,,,,,,,7,791,534
873,29114.1,7,548,691,,,,,,,,,,,,,,,,6,791,533
874,29146.3,8,547,691,,,,,,,,,,,,,,,,7,791,533
875,29178.4,8,546,690,,,,,,,,,,,,,,,,7,790,532
876,29214.2,8,546,689,,,,,,,,,,,,,,,,7,790,532
877,29246.7,8,546,687,,,,,,,,,,,,,,,,6,790,532
878,29278.4,8,545,688,,,,,,,,,,,,,,,,7,789,531
879,29314.2,8,544,686,,,,,,,,,,,,,,,,7,789,531
880,29348.8,8,544,685,,,,,,,,,,,,,,,,7,789,530
881,29378.5,7,544,685,,,,,,,,,,,,,,,,7,789,530
882,29413.9,8,542,684,,,,,,,,,,,,,,,,6,788,529
883,29446.1,8,543,683,,,,,,,,,,,,,,,,7,788,529
884,29478.9,8,542,682,,,,,,,,,,,,,,,,6,788,529
885,29514.9,8,542,682,,,,,,,,,,,,,,,,7,787,528
886,29546,8,541,681,,,,,,,,,,,,,,,,6,788,528
887,29578.3,8,541,680,,,,,,,,,,,,,,,,7,787,528
888,29614.3,8,541,680,,,,,,,,,,,,,,,,7,787,527
889,29646,8,540,679,,,,,,,,,,,,,,,,6,787,527
890,29678.1,8,540,679,,,,,,,,,,,,,,,,7,787,527
891,29714,8,540,679,,,,,,,,,,,,,,,,6,787,526
892,29746.3,8,540,678,,,,,,,,,,,,,,,,7,787,526
893,29781,8,540,678,,,,,,,,,,,,,,,,7,786,526
894,29816.2,8,540,677,,,,,,,,,,,,,,,,6,787,526
895,29846.2,8,540,677,,,,,,,,,,,,,,,,7,786,526
896,29878.5,8,540,676,,,,,,,,,,,,,,,,7,787,526
897,29913.9,8,539,677,,,,,,,,,,,,,,,,7,786,526
898,29946.3,8,539,675,,,,,,,,,,,,,,,,7,786,526
899,29978.3,8,538,675,,,,,,,,,,,,,,,,7,786,526
900,30016.8,8,538,674,,,,,,,,,,,,,,,,7,786,524
901,30046.2,7,537,673,,,,,,,,,,,,,,,,7,786,524
902,30078.3,8,536,671,,,,,,,,,,,,,,,,7,785,523
903,30114.3,8,534,669,,,,,,,,,,,,,,,,7,785,522
904,30145.8,8,534,666,,,,,,,,,,,,,,,,6,784,520
905,30180.5,8,532,664,,,,,,,,,,,,,,,,6,783,520
906,30214.1,8,531,662,,,,,,,,,,,,,,,,7,783,518
907,30249.1,7,529,660,,,,,,,,,,,,,,,,6,782,517
908,30278.3,8,528,657,,,,,,,,,,,,,,,,7,781,516
909,30314,8,527,654,,,,,,,,,,,,,,,,7,781,515
910,30348.8,8,526,653,,,,,,,,,,,,,,,,7,780,514
911,30384.2,8,525,651,,,,,,,,,,,,,,,,7,780,513
912,30415.2,8,523,648,,,,,,,,,,,,,,,,7,780,512
913,30446.1,8,523,647,,,,,,,,,,,,,,,,7,780,511
914,30478.5,8,523,647,,,,,,,,,,,,,,,,7,779,511
915,30513.9,8,522,646,,,,,,,,,,,,,,,,7,778,510
916,30546.1,8,522,644,,,,,,,,,,,,,,,,7,778,509
917,30578.8,8,522,643,,,,,,,,,,,,,,,,6,778,509
918,30615.3,8,521,643,,,,,,,,,,,,,,,,6,777,508
919,30646.3,8,521,642,,,,,,,,,,,,,,,,6,778,508
920,30678.3,8,521,641,,,,,,,,,,,,,,,,7,777,507
921,30714.7,8,519,640,,,,,,,,,,,,,,,,6,777,507
922,30747.4,8,519,640,,,,,,,,,,,,,,,,6,777,507
923,30780.7,8,519,640,,,,,,,,,,,,,,,,7,777,507
924,30814.3,8,519,639,,,,,,,,,,,,,,,,7,777,506
925,30846.5,8,519,638,,,,,,,,,,,,,,,,6,776,505
926,30878.6,8,517,637,,,,,,,,,,,,,,,,6,776,505
927,30914,8,517,635,,,,,,,,,,,,,,,,7,776,505
928,30946.1,8,516,634,,,,,,,,,,,,,,,,6,775,504
929,30979.4,8,515,632,,,,,,,,,,,,,,,,7,775,503
930,31014.1,8,515,632,,,,,,,,,,,,,,,,7,775,502
931,31047.1,8,514,629,,,,,,,,,,,,,,,,7,774,502
932,31078.2,8,514,628,,,,,,,,,,,,,,,,7,774,502
933,31114.1,8,513,627,,,,,,,,,,,,,,,,7,774,500
934,31146.2,8,512,624,,,,,,,,,,,,,,,,7,774,499
935,31178.2,8,512,624,,,,,,,,,,,,,,,,7,773,499
936,31215,8,511,622,,,,,,,,,,,,,,,,7,773,498
937,31248.8,8,510,621,,,,,,,,,,,,,,,,7,772,497
938,31280.9,8,510,620,,,,,,,,,,,,,,,,7,772,497
939,31316.7,8,510,620,,,,,,,,,,,,,,,,7,773,497
940,31346.2,8,510,619,,,,,,,,,,,,,,,,7,772,496
941,31378,8,510,618,,,,,,,,,,,,,,,,7,772,496
942,31414.1,8,509,618,,,,,,,,,,,,,,,,6,772,496
943,31446.2,8,509,616,,,,,,,,,,,,,,,,6,772,496
944,31478.1,8,508,615,,,,,,,,,,,,,,,,6,772,494
945,31516,7,507,613,,,,,,,,,,,,,,,,6,771,493
946,31546.2,8,506,610,,,,,,,,,,,,,,,,6,771,492
947,31578.8,8,505,608,,,,,,,,,,,,,,,,6,770,491
948,31615,8,504,606,,,,,,,,,,,,,,,,7,770,490
949,31646.1,8,503,603,,,,,,,,,,,,,,,,7,769,488
950,31678.4,8,502,601,,,,,,,,,,,,,,,,7,768,487
951,31714,7,501,597,,,,,,,,,,,,,,,,7,768,486
952,31746.3,8,500,594,,,,,,,,,,,,,,,,7,768,483
953,31778,8,497,589,,,,,,,,,,,,,,,,7,767,482
954,31814,8,497,585,,,,,,,,,,,,,,,,7,766,479
955,31846.3,8,495,582,,,,,,,,,,,,,,,,6,765,478
956,31878.3,8,493,577,,,,,,,,,,,,,,,,6,765,476
957,31914.1,8,492,574,,,,,,,,,,,,,,,,7,764,473
958,31946.1,8,491,569,,,,,,,,,,,,,,,,6,763,472
959,31978.2,8,490,566,,,,,,,,,,,,,,,,7,762,469
960,32013.9,8,487,562,,,,,,,,,,,,,,,,7,762,467
961,32046.1,8,486,558,,,,,,,,,,,,,,,,7,761,466
962,32078.3,8,486,555,,,,,,,,,,,,,,,,7,761,464
963,32114.4,9,484,551,,,,,,,,,,,,,,,,7,760,462
964,32146.5,8,483,549,,,,,,,,,,,,,,,,7,760,461
965,32178.8,8,484,548,,,,,,,,,,,,,,,,7,759,460
966,32213.8,8,483,547,,,,,,,,,,,,,,,,7,760,461
967,32248.8,8,482,546,,,,,,,,,,,,,,,,6,759,460
968,32278.7,8,481,545,,,,,,,,,,,,,,,,7,759,460
969,32315.5,8,481,545,,,,,,,,,,,,,,,,6,759,460
970,32348.9,9,482,545,,,,,,,,,,,,,,,,7,759,459
971,32378.3,8,482,545,,,,,,,,,,,,,,,,7,759,460
972,32415.2,8,481,544,,,,,,,,,,,,,,,,7,759,459
973,32448.7,9,481,545,,,,,,,,,,,,,,,,7,759,459
974,32478.8,8,481,545,,,,,,,,,,,,,,,,6,759,460
975,32514.4,8,481,545,,,,,,,,,,,,,,,,6,759,460
976,32546,8,481,545,,,,,,,,,,,,,,,,7,759,461
977,32578.6,8,481,546,,,,,,,,,,,,,,,,7,759,462
978,32614,8,481,546,,,,,,,,,,,,,,,,7,759,462
979,32646,8,481,545,,,,,,,,,,,,,,,,7,759,463
980,32677.9,8,481,545,,,,,,,,,,,,,,,,7,759,463
981,32713.8,8,481,546,,,,,,,,,,,,,,,,7,759,464
982,32748.8,8,480,547,,,,,,,,,,,,,,,,7,759,465
983,32778,8,480,548,,,,,,,,,,,,,,,,6,759,466
984,32816.8,8,480,549,,,,,,,,,,,,,,,,7,758,467
985,32846.4,8,480,550,,,,,,,,,,,,,,,,7,758,468
986,32878.3,8,480,550,,,,,,,,,,,,,,,,7,758,470
987,32914.8,8,479,551,,,,,,,,,,,,,,,,7,758,471
988,32949.2,8,479,551,,,,,,,,,,,,,,,,6,758,471
989,32978.2,8,479,552,,,,,,,,,,,,,,,,7,757,473
990,33014.1,8,478,554,,,,,,,,,,,,,,,,6,757,475
991,33046.3,9,477,553,,,,,,,,,,,,,,,,7,756,476
992,33078.9,8,477,555,,,,,,,,,,,,,,,,7,756,478
993,33114,8,477,555,,,,,,,,,,,,,,,,7,756,479
994,33146.2,8,476,556,,,,,,,,,,,,,,,,7,755,479
995,33178.4,8,475,556,,,,,,,,,,,,,,,,7,756,481
996,33213.9,8,475,557,,,,,,,,,,,,,,,,7,755,482
997,33248.1,8,474,557,,,,,,,,,,,,,,,,6,753,482
998,33278.5,8,473,557,,,,,,,,,,,,,,,,7,753,483
999,33314.3,8,472,558,,,,,,,,,,,,,,,,6,752,485
1000,33346.3,9,471,560,,,,,,,,,,,,,,,,7,751,486
1001,33382.2,8,469,560,,,,,,,,,,,,,,,,7,750,487
1002,33415.2,8,469,560,,,,,,,,,,,,,,,,7,750,488
1003,33446,8,468,561,,,,,,,,,,,,,,,,7,749,490
1004,33478.1,8,468,562,,,,,,,,,,,,,,,,7,748,490
1005,33514.2,8,466,562,,,,,,,,,,,,,,,,7,747,491
1006,33546.1,8,465,562,,,,,,,,,,,,,,,,7,747,492
1007,33578.8,8,465,563,,,,,,,,,,,,,,,,6,746,493
1008,33614.7,8,464,564,,,,,,,,,,,,,,,,7,745,494
1009,33646.2,8,462,564,,,,,,,,,,,,,,,,6,744,496
1010,33678.3,8,462,564,,,,,,,,,,,,,,,,7,744,496
1011,33714.2,8,461,564,,,,,,,,,,,,,,,,7,742,496
1012,33746.8,8,459,565,,,,,,,,,,,,,,,,7,741,497
1013,33778.1,8,458,564,,,,,,,,,,,,,,,,6,740,498
1014,33814.9,8,456,565,,,,,,,,,,,,,,,,6,739,498
1015,33846.3,8,455,566,,,,,,,,,,,,,,,,7,737,499
1016,33878.4,8,454,566,,,,,,,,,,,,,,,,6,737,500
1017,33914.3,8,454,567,,,,,,,,,,,,,,,,7,735,500
1018,33945.9,8,452,567,,,,,,,,,,,,,,,,6,734,501
1019,33978.3,8,450,567,,,,,,,,,,,,,,,,6,732,502
1020,34014.2,8,448,567,,,,,,,,,,,,,,,,7,732,502
1021,34046.3,8,447,568,,,,,,,,,,,,,,,,6,729,503
1022,34079.3,8,445,569,,,,,,,,,,,,,,,,6,727,504
1023,34114.3,8,444,568,,,,,,,,,,,,,,,,7,726,504
1024,34146.9,9,442,569,,,,,,,,,,,,,,,,7,725,504
1025,34178.1,9,442,569,,,,,,,,,,,,,,,,7,725,504
1026,34215.1,9,442,568,,,,,,,,,,,,,,,,7,724,505
1027,34246.1,8,441,569,,,,,,,,,,,,,,,,6,724,505
1028,34278.4,8,440,570,,,,,,,,,,,,,,,,6,722,505
1029,34314,8,438,570,,,,,,,,,,,,,,,,7,720,505
1030,34347.1,8,435,571,,,,,,,,,,,,,,,,7,718,506
1031,34378.3,8,432,571,,,,,,,,,,,,,,,,7,714,506
1032,34414.5,8,432,571,,,,,,,,,,,,,,,,7,714,506
1033,34445.8,8,432,571,,,,,,,,,,,,,,,,6,714,506
1034,34478.7,8,432,572,,,,,,,,,,,,,,,,6,714,506
1035,34514.2,8,432,571,,,,,,,,,,,,,,,,7,714,506
1036,34546.2,8,432,571,,,,,,,,,,,,,,,,6,714,506
1037,34578.2,8,432,571,,,,,,,,,,,,,,,,7,714,506
1038,34613.9,8,432,571,,,,,,,,,,,,,,,,7,714,506
1039,34646.2,8,432,571,,,,,,,,,,,,,,,,7,714,506
1040,34678.2,8,432,571,,,,,,,,,,,,,,,,6,714,506
1041,34713.9,8,432,571,,,,,,,,,,,,,,,,6,714,506
1042,34746.9,8,431,571,,,,,,,,,,,,,,,,6,714,506
1043,34778.5,8,432,571,,,,,,,,,,,,,,,,7,714,506
1044,34814,8,431,570,,,,,,,,,,,,,,,,6,714,503
1045,34847.2,9,431,568,,,,,,,,,,,,,,,,6,712,501
1046,34879,8,431,567,,,,,,,,,,,,,,,,6,712,499
1047,34914.9,8,431,566,,,,,,,,,,,,,,,,6,712,496
1048,34946.1,9,430,564,,,,,,,,,,,,,,,,6,711,494
1049,34978.4,8,429,563,,,,,,,,,,,,,,,,6,710,491
1050,35014.2,8,430,561,,,,,,,,,,,,,,,,7,710,489
1051,35046.5,8,429,560,,,,,,,,,,,,,,,,7,709,487
1052,35078.3,8,428,559,,,,,,,,,,,,,,,,6,708,484
1053,35114.2,9,428,556,,,,,,,,,,,,,,,,7,708,481
1054,35146.3,8,427,555,,,,,,,,,,,,,,,,7,707,477
1055,35178.8,8,427,552,,,,,,,,,,,,,,,,7,706,473
1056,35214.1,8,426,550,,,,,,,,,,,,,,,,7,705,468
1057,35246.2,8,426,547,,,,,,,,,,,,,,,,7,703,464
1058,35278.5,9,425,544,,,,,,,,,,,,,,,,7,702,460
1059,35314.2,8,424,542,,,,,,,,,,,,,,,,7,701,456
1060,35347.8,8,424,541,,,,,,,,,,,,,,,,7,700,453
1061,35378.2,8,422,539,,,,,,,,,,,,,,,,7,699,450
1062,35414,8,422,537,,,,,,,,,,,,,,,,7,698,447
1063,35446.3,8,422,536,,,,,,,,,,,,,,,,7,697,444
1064,35478.2,8,421,534,,,,,,,,,,,,,,,,7,696,441
1065,35514.2,8,421,533,,,,,,,,,,,,,,,,7,696,439
1066,35545.9,8,420,531,,,,,,,,,,,,,,,,7,695,436
1067,35579.4,8,420,530,,,,,,,,,,,,,,,,6,694,435
1068,35630.6,8,420,529,,,,,,,,,,,,,,,,6,694,433
1069,35646.3,8,420,529,,,,,,,,,,,,,,,,7,693,431
1070,35678.7,8,419,527,,,,,,,,,,,,,,,,7,693,430
1071,35716.8,8,419,527,,,,,,,,,,,,,,,,7,692,429
1072,35746.3,8,419,526,,,,,,,,,,,,,,,,6,692,427
1073,35778.3,8,419,526,,,,,,,,,,,,,,,,6,691,427
1074,35814,8,419,525,,,,,,,,,,,,,,,,7,691,427
1075,35846.9,8,419,525,,,,,,,,,,,,,,,,6,691,426
1076,35878.2,9,418,524,,,,,,,,,,,,,,,,7,690,425
1077,35914.1,8,418,524,,,,,,,,,,,,,,,,7,690,424
1078,35946.5,8,418,524,,,,,,,,,,,,,,,,7,691,424
1079,35978.8,8,418,524,,,,,,,,,,,,,,,,7,690,424
1080,36015.2,9,418,523,,,,,,,,,,,,,,,,7,690,422
1081,36046.2,9,418,523,,,,,,,,,,,,,,,,6,690,422
1082,36078.9,9,418,523,,,,,,,,,,,,,,,,7,690,422
1083,36114,8,418,522,,,,,,,,,,,,,,,,7,690,422
1084,36146.2,8,418,523,,,,,,,,,,,,,,,,7,690,422
1085,36178.4,8,418,522,,,,,,,,,,,,,,,,7,690,422
1086,36214.7,8,419,523,,,,,,,,,,,,,,,,7,690,421
1087,36246.3,8,420,522,,,,,,,,,,,,,,,,6,691,421
1088,36278.4,8,421,521,,,,,,,,,,,,,,,,7,693,420
1089,36314.2,8,423,521,,,,,,,,,,,,,,,,7,696,420
1090,36347.3,8,425,521,,,,,,,,,,,,,,,,7,697,420
1091,36378.3,9,427,520,,,,,,,,,,,,,,,,6,699,421
1092,36414.3,8,429,520,,,,,,,,,,,,,,,,7,701,421
1093,36446.5,8,430,520,,,,,,,,,,,,,,,,7,702,421
1094,36478.2,9,430,520,,,,,,,,,,,,,,,,7,702,421
1095,36514.1,9,430,520,,,,,,,,,,,,,,,,7,702,421
1096,36546,8,430,520,,,,,,,,,,,,,,,,7,702,421
1097,36578.4,9,430,521,,,,,,,,,,,,,,,,7,702,421
1098,36614.1,9,429,520,,,,,,,,,,,,,,,,7,702,421
1099,36646.2,9,430,520,,,,,,,,,,,,,,,,7,702,421
1100,36678.1,9,430,520,,,,,,,,,,,,,,,,7,702,421
1101,36716.8,9,430,521,,,,,,,,,,,,,,,,7,703,421
1102,36746.3,8,430,520,,,,,,,,,,,,,,,,7,702,421
1103,36778.7,8,431,520,,,,,,,,,,,,,,,,6,703,421
1104,36813.9,8,431,520,,,,,,,,,,,,,,,,6,703,420
1105,36846,8,432,518,,,,,,,,,,,,,,,,7,705,419
1106,36879,9,433,518,,,,,,,,,,,,,,,,7,706,418
1107,36914.1,9,433,516,,,,,,,,,,,,,,,,7,706,418
1108,36946.2,8,433,516,,,,,,,,,,,,,,,,7,706,418
1109,36978.2,8,433,515,,,,,,,,,,,,,,,,7,706,417
1110,37014.1,8,434,515,,,,,,,,,,,,,,,,7,708,417
1111,37046.5,9,434,514,,,,,,,,,,,,,,,,7,707,417
1112,37078.1,8,433,514,,,,,,,,,,,,,,,,7,707,416
1113,37114.2,8,433,513,,,,,,,,,,,,,,,,7,707,416
1114,37148.8,8,434,513,,,,,,,,,,,,,,,,7,707,415
1115,37178.6,8,434,513,,,,,,,,,,,,,,,,7,708,415
1116,37214.2,8,433,512,,,,,,,,,,,,,,,,7,708,415
1117,37246.6,8,433,512,,,,,,,,,,,,,,,,7,708,415
1118,37280.8,8,434,511,,,,,,,,,,,,,,,,7,708,414
1119,37313.9,8,433,509,,,,,,,,,,,,,,,,7,708,414
1120,37346.1,8,433,509,,,,,,,,,,,,,,,,7,708,414
1121,37380.9,8,433,508,,,,,,,,,,,,,,,,7,707,413
1122,37414.8,9,433,507,,,,,,,,,,,,,,,,7,708,412
1123,37446.1,8,433,506,,,,,,,,,,,,,,,,7,708,412
1124,37478.4,8,433,505,,,,,,,,,,,,,,,,7,708,412
1125,37514.1,8,432,503,,,,,,,,,,,,,,,,7,707,410
1126,37546.4,8,432,501,,,,,,,,,,,,,,,,7,708,410
1127,37578.1,8,432,499,,,,,,,,,,,,,,,,7,708,408
1128,37614,8,431,496,,,,,,,,,,,,,,,,7,708,407
1129,37646,8,431,493,,,,,,,,,,,,,,,,7,707,405
1130,37678.1,8,431,489,,,,,,,,,,,,,,,,7,708,404
1131,37713.9,8,430,486,,,,,,,,,,,,,,,,7,707,401
1132,37746.8,8,429,483,,,,,,,,,,,,,,,,7,707,400
1133,37778.4,8,428,479,,,,,,,,,,,,,,,,7,707,398
1134,37813.9,8,427,476,,,,,,,,,,,,,,,,7,706,395
1135,37846.6,8,427,472,,,,,,,,,,,,,,,,7,706,394
1136,37880.7,8,426,472,,,,,,,,,,,,,,,,7,706,394
1137,37916.7,8,426,472,,,,,,,,,,,,,,,,7,706,394
1138,37949.5,8,427,471,,,,,,,,,,,,,,,,7,706,394
1139,37978.3,8,426,471,,,,,,,,,,,,,,,,7,706,393
1140,38014.1,8,426,471,,,,,,,,,,,,,,,,7,706,393
1141,38046.6,8,427,470,,,,,,,,,,,,,,,,7,707,392
1142,38078.4,8,427,468,,,,,,,,,,,,,,,,7,708,391
1143,38115.4,8,427,466,,,,,,,,,,,,,,,,6,708,389
1144,38152.1,8,428,464,,,,,,,,,,,,,,,,7,708,388
1145,38177.9,8,428,461,,,,,,,,,,,,,,,,7,709,387
1146,38214,8,428,459,,,,,,,,,,,,,,,,7,709,385
1147,38246.1,8,428,458,,,,,,,,,,,,,,,,7,709,385
1148,38278.1,9,428,456,,,,,,,,,,,,,,,,7,710,383
1149,38314.2,8,428,454,,,,,,,,,,,,,,,,7,711,383
1150,38346.7,8,429,452,,,,,,,,,,,,,,,,7,711,382
1151,38380.1,8,429,449,,,,,,,,,,,,,,,,7,711,380
1152,38414.5,9,430,447,,,,,,,,,,,,,,,,6,712,379
1153,38446.1,8,431,444,,,,,,,,,,,,,,,,7,713,377
1154,38478,9,431,442,,,,,,,,,,,,,,,,7,714,376
1155,38514.2,8,431,439,,,,,,,,,,,,,,,,7,715,373
1156,38546.7,8,432,437,,,,,,,,,,,,,,,,7,715,372
1157,38578,9,432,435,,,,,,,,,,,,,,,,7,717,371
1158,38613.9,9,433,432,,,,,,,,,,,,,,,,7,717,369
1159,38646.2,9,433,430,,,,,,,,,,,,,,,,7,718,368
1160,38678.1,9,433,428,,,,,,,,,,,,,,,,7,718,367
1161,38714.1,9,433,425,,,,,,,,,,,,,,,,7,719,366
1162,38748.7,8,434,424,,,,,,,,,,,,,,,,7,718,365
1163,38778.4,8,434,422,,,,,,,,,,,,,,,,7,720,364
1164,38814.2,8,435,421,,,,,,,,,,,,,,,,7,720,363
1165,38846,8,434,418,,,,,,,,,,,,,,,,7,720,362
1166,38878.3,8,435,417,,,,,,,,,,,,,,,,7,720,361
1167,38914.5,8,435,414,,,,,,,,,,,,,,,,7,720,359
1168,38946,9,435,412,,,,,,,,,,,,,,,,7,720,358
1169,38978.4,8,434,410,,,,,,,,,,,,,,,,7,720,358
1170,39015.3,8,434,409,,,,,,,,,,,,,,,,7,720,357
1171,39046.1,8,433,408,,,,,,,,,,,,,,,,7,720,356
1172,39078,8,433,408,,,,,,,,,,,,,,,,7,720,356
1173,39114.1,8,433,408,,,,,,,,,,,,,,,,7,720,356
1174,39146.7,8,433,408,,,,,,,,,,,,,,,,7,720,356
1175,39178,8,434,408,,,,,,,,,,,,,,,,7,721,357
1176,39214,8,435,409,,,,,,,,,,,,,,,,7,721,357
1177,39248.1,9,436,409,,,,,,,,,,,,,,,,7,721,357
1178,39278.6,8,435,408,,,,,,,,,,,,,,,,7,721,357
1179,39314.2,8,435,408,,,,,,,,,,,,,,,,7,721,357
1180,39346.9,8,435,408,,,,,,,,,,,,,,,,7,721,357
1181,39379.3,8,435,408,,,,,,,,,,,,,,,,7,722,357
1182,39414.2,8,435,408,,,,,,,,,,,,,,,,7,721,357
1183,39446.5,8,435,409,,,,,,,,,,,,,,,,7,721,357
1184,39478.2,8,435,409,,,,,,,,,,,,,,,,7,721,357
1185,39514.1,8,435,408,,,,,,,,,,,,,,,,7,721,357
1186,39546.3,8,435,409,,,,,,,,,,,,,,,,7,722,357
1187,39578.3,9,435,408,,,,,,,,,,,,,,,,7,721,357
1188,39614.2,8,435,408,,,,,,,,,,,,,,,,7,721,357
1189,39646.5,8,435,408,,,,,,,,,,,,,,,,7,722,357
1190,39678.5,8,435,408,,,,,,,,,,,,,,,,7,721,357
1191,39716.8,8,435,408,,,,,,,,,,,,,,,,7,721,357
1192,39746.1,9,435,408,,,,,,,,,,,,,,,,7,721,357
1193,39778.4,8,435,408,,,,,,,,,,,,,,,,7,721,357
1194,39814.3,8,435,409,,,,,,,,,,,,,,,,7,722,357
1195,39846.3,8,435,409,,,,,,,,,,,,,,,,7,721,357
1196,39878.3,8,435,408,,,,,,,,,,,,,,,,7,721,357
1197,39914.2,8,435,408,,,,,,,,,,,,,,,,7,721,357
1198,39946.7,8,435,408,,,,,,,,,,,,,,,,7,721,357
1199,39978.7,8,435,408,,,,,,,,,,,,,,,,7,721,357
1200,40014.9,8,435,408,,,,,,,,,,,,,,,,7,721,357
1201,40046,8,435,408,,,,,,,,,,,,,,,,7,721,357
1202,40078.1,8,435,408,,,,,,,,,,,,,,,,7,722,357
1203,40114.2,8,435,408,,,,,,,,,,,,,,,,7,721,357
1204,40146.2,8,435,408,,,,,,,,,,,,,,,,7,721,357
1205,40180.7,9,435,408,,,,,,,,,,,,,,,,7,722,357
1206,40214.1,8,435,409,,,,,,,,,,,,,,,,7,722,357
1207,40250.9,8,435,408,,,,,,,,,,,,,,,,7,721,357
1208,40285.8,9,435,408,,,,,,,,,,,,,,,,7,721,357
1209,40314.1,8,435,409,,,,,,,,,,,,,,,,7,721,357
1210,40346.4,8,435,408,,,,,,,,,,,,,,,,7,721,357
1211,40378.9,9,435,409,,,,,,,,,,,,,,,,7,721,357
1212,40414.1,8,435,409,,,,,,,,,,,,,,,,7,721,357
1213,40446.4,8,435,408,,,,,,,,,,,,,,,,7,721,357
1214,40484.1,8,435,408,,,,,,,,,,,,,,,,7,721,357
1215,40514.2,8,435,408,,,,,,,,,,,,,,,,7,722,357
1216,40547.3,8,435,408,,,,,,,,,,,,,,,,7,721,357
1217,40578.1,8,435,408,,,,,,,,,,,,,,,,7,721,357
1218,40614,8,435,409,,,,,,,,,,,,,,,,7,721,357
1219,40646,9,435,408,,,,,,,,,,,,,,,,7,721,357